;index;y;x;osmid;ref;highway;lon;lat;geometry;loc_x;loc_y;loc;stop_type_index
0;277090010;-4294008.636627916;970556.5235725133;277090010; 12 30 35 ;tram_stop;144.9728963;-37.8078584;POINT (970556.5235725133 -4294008.636627916);2441.632297474891;2773.73453712184;{2441.632297474891,2773.73453712184};0
1;767584117;-4293964.335772446;970387.976603275;767584117; 12 35 ;tram_stop;144.9709568;-37.8075947;POINT (970387.976603275 -4293964.335772446);2273.085328236688;2729.43368165195;{2273.085328236688,2729.43368165195};0
2;767592577;-4294023.190515253;970609.4972217657;767592577; 12 30 35 ;tram_stop;144.9735065;-37.8079469;POINT (970609.4972217657 -4294023.190515253);2494.60594672733;2788.2884244583547;{2494.60594672733,2788.2884244583547};0
3;774678062;-4292980.416863849;971112.2950205067;774678062; 200 207 ;bus_stop;144.9781349;-37.7982477;POINT (971112.2950205067 -4292980.416863849);2997.4037454683566;1745.5147730549797;{2997.4037454683566,1745.5147730549797};1
4;779075381;-4292994.937481575;971182.6494856209;779075381; 966 ;bus_stop;144.9789405;-37.7983223;POINT (971182.6494856209 -4292994.937481575);3067.7582105825422;1760.0353907803074;{3067.7582105825422,1760.0353907803074};1
5;779075382;-4293007.866660278;971177.7739566746;779075382; 200 207 966 ;bus_stop;144.9788984;-37.7984415;POINT (971177.7739566746 -4293007.866660278);3062.882681636256;1772.9645694838837;{3062.882681636256,1772.9645694838837};1
6;780979469;-4293529.407528271;968515.8732773552;780979469; 57 ;tram_stop;144.949471;-37.805174;POINT (968515.8732773552 -4293529.407528271);400.9820023168577;2294.5054374765605;{400.9820023168577,2294.5054374765605};0
7;780992745;-4293506.066555074;968503.5454241644;780992745; 57 ;tram_stop;144.9493094;-37.8049753;POINT (968503.5454241644 -4293506.066555074);388.65414912602864;2271.1644642800093;{388.65414912602864,2271.1644642800093};0
8;781137165;-4293312.936428491;968542.5075927569;781137165; 57 ;tram_stop;144.9495579;-37.8032213;POINT (968542.5075927569 -4293312.936428491);427.6163177185226;2078.0343376966193;{427.6163177185226,2078.0343376966193};0
9;1280096210;-4292312.34574114;968521.9340102356;1280096210; 58 59 ;tram_stop;144.9483435;-37.7943072;POINT (968521.9340102356 -4292312.34574114);407.0427351972321;1077.443650345318;{407.0427351972321,1077.443650345318};0
10;1280096226;-4292268.084885595;968480.587801214;1280096226; 58 59 ;tram_stop;144.947835;-37.7939444;POINT (968480.587801214 -4292268.084885595);365.6965261755977;1033.1827948009595;{365.6965261755977,1033.1827948009595};0
11;1281064369;-4292569.79775906;968737.2384039802;1281064369; 58 59 ;tram_stop;144.951018;-37.7964371;POINT (968737.2384039802 -4292569.79775906);622.3471289417939;1334.8956682654098;{622.3471289417939,1334.8956682654098};0
12;1287222216;-4292795.646368564;970183.4751881532;1287222216; 200 207 ;bus_stop;144.9675063;-37.7973243;POINT (970183.4751881532 -4292795.646368564);2068.583913114853;1560.7442777696997;{2068.583913114853,1560.7442777696997};1
13;1287339285;-4292442.309033082;970266.6088180575;1287339285; 1 6 ;tram_stop;144.9680936;-37.7941059;POINT (970266.6088180575 -4292442.309033082);2151.7175430190982;1207.40694228746;{2151.7175430190982,1207.40694228746};0
14;1287339313;-4292443.030458066;970262.9446993433;1287339313; 1 6 ;tram_stop;144.9680531;-37.7941152;POINT (970262.9446993433 -4292443.030458066);2148.0534243049333;1208.1283672712743;{2148.0534243049333,1208.1283672712743};0
15;1492169276;-4292984.254590382;969875.289906184;1492169276; 1 3 5 6 16 64 67 72 ;tram_stop;144.9642256;-37.7992482;POINT (969875.289906184 -4292984.254590382);1760.3986311455956;1749.3524995874614;{1760.3986311455956,1749.3524995874614};0
16;1492169366;-4292931.54576236;969877.3218440091;1492169366; 1 3 5 6 16 64 67 72 ;tram_stop;144.9641966;-37.7987762;POINT (969877.3218440091 -4292931.54576236);1762.4305689707398;1696.6436715656891;{1762.4305689707398,1696.6436715656891};0
17;1877451198;-4293263.474227589;969502.1328771361;1877451198; 401 402 403 ;bus_stop;144.9603031;-37.8020314;POINT (969502.1328771361 -4293263.474227589);1387.2416020977544;2028.572136794217;{1387.2416020977544,2028.572136794217};1
18;1877472375;-4293059.683990728;969638.3853220743;1877472375; 546 ;bus_stop;144.9616352;-37.8001063;POINT (969638.3853220743 -4293059.683990728);1523.4940470359288;1824.7818999337032;{1523.4940470359288,1824.7818999337032};1
19;2021079560;-4292867.4470524;969328.5439874945;2021079560; 505 546 ;bus_stop;144.9579612;-37.7986324;POINT (969328.5439874945 -4292867.4470524);1213.6527124561835;1632.544961605221;{1213.6527124561835,1632.544961605221};1
20;2025654000;-4292970.0278546065;970133.0365695284;2025654000; 202 207 ;bus_stop;144.9671106;-37.79892;POINT (970133.0365695284 -4292970.027854607);2018.1452944900375;1735.1257638121024;{2018.1452944900375,1735.1257638121024};1
21;2025654004;-4292978.786743149;970157.0758792522;2025654004; 200 207 955 966 ;bus_stop;144.9673896;-37.7989794;POINT (970157.0758792522 -4292978.786743149);2042.1846042138059;1743.8846523547545;{2042.1846042138059,1743.8846523547545};1
22;2025664562;-4293440.782139083;970028.1849724173;2025664562; 200 207 ;bus_stop;144.9663945;-37.8032032;POINT (970028.1849724173 -4293440.782139083);1913.2936973789474;2205.8800482889637;{1913.2936973789474,2205.8800482889637};1
23;2025664568;-4293211.60098792;970080.4903238161;2025664568; 200 207 ;bus_stop;144.9667573;-37.801117;POINT (970080.4903238161 -4293211.60098792);1965.5990487777162;1976.6988971251994;{1965.5990487777162,1976.6988971251994};1
24;2025664574;-4293377.701235714;970064.4649883646;2025664574; 200 207 955 966 ;bus_stop;144.9667405;-37.8026119;POINT (970064.4649883646 -4293377.701235714);1949.5737133262446;2142.7991449199617;{1949.5737133262446,2142.7991449199617};1
25;2025671038;-4293595.073925828;970015.8781114825;2025671038; 200 207 ;bus_stop;144.9664079;-37.8045898;POINT (970015.8781114825 -4293595.073925828);1900.9868364441209;2360.171835033223;{1900.9868364441209,2360.171835033223};1
26;2025671040;-4293651.556775845;969978.2024341755;2025671040; 200 207 ;bus_stop;144.9660397;-37.8051233;POINT (969978.2024341755 -4293651.556775845);1863.3111591371708;2416.654685050249;{1863.3111591371708,2416.654685050249};1
27;2025676692;-4293835.1515274765;969962.4434867942;2025676692; 200 207 ;bus_stop;144.9660431;-37.8067741;POINT (969962.4434867942 -4293835.151527476);1847.5522117558867;2600.24943668209;{1847.5522117558867,2600.24943668209};1
28;2027246640;-4294126.847693889;970929.6672374163;2027246640; 302 303 304 305 309 318 350 905 906 907 908 ;bus_stop;144.97721;-37.8086218;POINT (970929.6672374163 -4294126.847693889);2814.7759623778984;2891.945603094995;{2814.7759623778984,2891.945603094995};1
29;2189290913;-4294050.388168;968999.8997695623;2189290913; 58 ;tram_stop;144.9554276;-37.8094461;POINT (968999.8997695623 -4294050.388168);885.008494523936;2815.486077205278;{885.008494523936,2815.486077205278};0
30;2189352736;-4294116.45309861;971035.5254316555;2189352736; 12 109 ;tram_stop;144.9783905;-37.8084463;POINT (971035.5254316555 -4294116.45309861);2920.634156617103;2881.5510078156367;{2920.634156617103,2881.5510078156367};0
31;2189382615;-4294078.674530998;970867.4586806424;2189382615; 11 12 109 ;tram_stop;144.9764628;-37.8082405;POINT (970867.4586806424 -4294078.674530998);2752.567405604059;2843.7724402034655;{2752.567405604059,2843.7724402034655};0
32;2190619723;-4294212.569636068;969518.598499463;2190619723; 19 57 59 ;tram_stop;144.9614218;-37.8104888;POINT (969518.5984994631 -4294212.569636068);1403.7072244246956;2977.6675452739;{1403.7072244246956,2977.6675452739};0
33;2190624239;-4294193.609775254;969496.4227308366;2190624239; 12 30 35 ;tram_stop;144.9611537;-37.8103369;POINT (969496.4227308366 -4294193.609775254);1381.531455798191;2958.7076844591647;{1381.531455798191,2958.7076844591647};0
34;2190624240;-4294186.396443634;969533.3596937436;2190624240; 12 30 35 ;tram_stop;144.9615621;-37.8102437;POINT (969533.3596937436 -4294186.396443634);1418.4684187052771;2951.494352839887;{1418.4684187052771,2951.494352839887};0
35;2190625294;-4294133.095512181;969721.090835442;2190625294; 12 30 35 ;tram_stop;144.9636214;-37.8096215;POINT (969721.090835442 -4294133.095512181);1606.199560403591;2898.1934213861823;{1606.199560403591,2898.1934213861823};0
36;2190625298;-4294126.2291818615;969758.6557692452;2190625298; 12 30 35 ;tram_stop;144.9640372;-37.8095309;POINT (969758.6557692452 -4294126.229181862);1643.7644942068728;2891.327091067098;{1643.7644942068728,2891.327091067098};0
37;2199382854;-4292240.074028873;970982.7803739451;2199382854; 96 ;tram_stop;144.9759491;-37.7917415;POINT (970982.7803739451 -4292240.074028873);2867.889098906773;1005.171938078478;{2867.889098906773,1005.171938078478};0
38;2200521873;-4293760.188217331;970636.5660164583;2200521873; 86 96 ;tram_stop;144.973552;-37.8055786;POINT (970636.5660164583 -4293760.188217331);2521.6747414199635;2525.286126536317;{2521.6747414199635,2525.286126536317};0
39;2200521878;-4293796.173661177;970635.736150457;2200521878; 86 96 ;tram_stop;144.9735781;-37.8059004;POINT (970635.7361504571 -4293796.173661177);2520.8448754186975;2561.2715703826398;{2520.8448754186975,2561.2715703826398};0
40;2203992967;-4292972.81529521;970821.0061460367;2203992967; 96 ;tram_stop;144.9748512;-37.7984075;POINT (970821.0061460367 -4292972.81529521);2706.11487099831;1737.9132044157013;{2706.11487099831,1737.9132044157013};0
41;2203992969;-4292876.358530264;970835.2748396926;2203992969; 96 ;tram_stop;144.9749167;-37.7975355;POINT (970835.2748396926 -4292876.358530264);2720.383564654272;1641.456439469941;{2720.383564654272,1641.456439469941};0
42;2203993230;-4292583.654462637;970903.7136879023;2203993230; 96 ;tram_stop;144.9753982;-37.7948697;POINT (970903.7136879023 -4292583.654462637);2788.822412863956;1348.752371842973;{2788.822412863956,1348.752371842973};0
43;2203993231;-4292614.694557645;970900.2935001388;2203993231; 96 ;tram_stop;144.9753903;-37.7951494;POINT (970900.2935001388 -4292614.694557645);2785.4022251004353;1379.7924668509513;{2785.4022251004353,1379.7924668509513};0
44;2203994162;-4292274.228210763;970978.3315691395;2203994162; 96 ;tram_stop;144.9759327;-37.7920498;POINT (970978.3315691395 -4292274.228210763);2863.440294101136;1039.3261199686676;{2863.440294101136,1039.3261199686676};0
45;2203994168;-4291887.569705206;971066.7307242999;2203994168; 96 ;tram_stop;144.9765461;-37.7885298;POINT (971066.7307242999 -4291887.569705206);2951.839449261548;652.6676144115627;{2951.839449261548,652.6676144115627};0
46;2203994169;-4291917.931382741;971063.1206395474;2203994169; 96 ;tram_stop;144.9765354;-37.7888036;POINT (971063.1206395474 -4291917.931382741);2948.229364508996;683.0292919464409;{2948.229364508996,683.0292919464409};0
47;2203994749;-4291527.7629316775;971152.4532842725;2203994749; 96 ;tram_stop;144.9771558;-37.7852515;POINT (971152.4532842725 -4291527.762931678);3037.562009234098;292.860840883106;{3037.562009234098,292.860840883106};0
48;2203994750;-4291564.171237647;971147.3976177416;2203994750; 96 ;tram_stop;144.9771348;-37.7855804;POINT (971147.3976177416 -4291564.171237647);3032.5063427032437;329.26914685219526;{3032.5063427032437,329.26914685219526};0
49;2204670477;-4292695.074523931;971206.5746734812;2204670477; 11 ;tram_stop;144.9789142;-37.7956274;POINT (971206.5746734812 -4292695.074523931);3091.6833984428085;1460.1724331369624;{3091.6833984428085,1460.1724331369624};0
50;2204670481;-4292681.348072397;971212.8360501629;2204670481; 11 ;tram_stop;144.9789711;-37.7955;POINT (971212.8360501629 -4292681.348072397);3097.944775124546;1446.4459816021845;{3097.944775124546,1446.4459816021845};0
51;2204671848;-4292980.275956648;971145.6132058015;2204671848; 11 ;tram_stop;144.9785095;-37.7982204;POINT (971145.6132058015 -4292980.275956648);3030.721930763102;1745.373865853995;{3030.721930763102,1745.373865853995};0
52;2204671849;-4293005.244217726;971136.8292988858;2204671849; 11 ;tram_stop;144.9784353;-37.7984501;POINT (971136.8292988858 -4293005.244217726);3021.9380238474114;1770.3421269319952;{3021.9380238474114,1770.3421269319952};0
53;2204674008;-4293224.2892356785;971087.5762161558;2204674008; 11 ;tram_stop;144.9780971;-37.8004435;POINT (971087.5762161558 -4293224.289235679);2972.684941117419;1989.3871448840946;{2972.684941117419,1989.3871448840946};0
54;2204674009;-4293235.354012688;971088.278655924;2204674009; 11 ;tram_stop;144.9781159;-37.8005417;POINT (971088.278655924 -4293235.354012688);2973.387380885659;2000.4519218932837;{2973.387380885659,2000.4519218932837};0
55;2204676925;-4293473.8924285695;971034.6168633044;2204676925; 11 ;tram_stop;144.9777473;-37.8027125;POINT (971034.6168633044 -4293473.892428569);2919.7255882660393;2238.990337775089;{2919.7255882660393,2238.990337775089};0
56;2204676933;-4293488.136562942;971028.2484209186;2204676933; 11 ;tram_stop;144.9776897;-37.8028446;POINT (971028.2484209186 -4293488.136562942);2913.3571458802326;2253.234472147189;{2913.3571458802326,2253.234472147189};0
57;2204678936;-4293819.492622145;970953.6400583481;2204678936; 11 ;tram_stop;144.9771769;-37.8058601;POINT (970953.6400583481 -4293819.492622145);2838.748783309711;2584.590531351045;{2838.748783309711,2584.590531351045};0
58;2204678937;-4293793.828870399;970962.6797109586;2204678937; 11 ;tram_stop;144.9772533;-37.805624;POINT (970962.6797109586 -4293793.828870399);2847.788435920258;2558.926779604517;{2847.788435920258,2558.926779604517};0
59;2205915122;-4292228.476643919;970314.9631289107;2205915122; 1 6 ;tram_stop;144.968427;-37.7921597;POINT (970314.9631289107 -4292228.476643919);2200.0718538723886;993.5745531246066;{2200.0718538723886,993.5745531246066};0
60;2205915123;-4292279.013214954;970300.1558769598;2205915123; 1 6 ;tram_stop;144.9683102;-37.7926223;POINT (970300.1558769598 -4292279.013214954);2185.26460192143;1044.1111241597682;{2185.26460192143,1044.1111241597682};0
61;2205917370;-4291703.1687975805;970431.1122543733;2205917370; 1 6 ;tram_stop;144.9692163;-37.7873806;POINT (970431.1122543733 -4291703.168797581);2316.220979334903;468.26670678611845;{2316.220979334903,468.26670678611845};0
62;2205917378;-4291679.598292062;970439.9860982043;2205917378; 1 6 ;tram_stop;144.9692929;-37.7871633;POINT (970439.9860982043 -4291679.598292062);2325.094823165913;444.6962012676522;{2325.094823165913,444.6962012676522};0
63;2205927402;-4291943.640068702;970376.0849494345;2205927402; 1 6 ;tram_stop;144.9688341;-37.7895698;POINT (970376.0849494345 -4291943.640068702);2261.1936743961414;708.7379779079929;{2261.1936743961414,708.7379779079929};0
64;2205927403;-4291913.057079892;970386.5147252254;2205927403; 1 6 ;tram_stop;144.9689213;-37.7892887;POINT (970386.5147252254 -4291913.057079892);2271.623450187035;678.1549890972674;{2271.623450187035,678.1549890972674};0
65;2207661036;-4293193.812062305;968199.8805801544;2207661036; 57 ;tram_stop;144.945587;-37.8024252;POINT (968199.8805801544 -4293193.812062305);84.98930511600338;1958.9099715109915;{84.98930511600338,1958.9099715109915};0
66;2207974388;-4293217.316731805;968209.5991552769;2207974388; 57 ;tram_stop;144.9457194;-37.8026274;POINT (968209.5991552769 -4293217.316731805);94.70788023853675;1982.414641010575;{94.70788023853675,1982.414641010575};0
67;2207974390;-4293289.643029874;968532.6468594017;2207974390; 57 ;tram_stop;144.9494241;-37.8030211;POINT (968532.6468594017 -4293289.643029874);417.75558436335996;2054.740939079784;{417.75558436335996,2054.740939079784};0
68;2208005953;-4292603.458343024;968760.9885743686;2208005953; 58 59 ;tram_stop;144.9513182;-37.796719;POINT (968760.9885743686 -4292603.458343024);646.0972993302858;1368.5562522299588;{646.0972993302858,1368.5562522299588};0
69;2208009242;-4292239.5633179555;968425.6056859387;2208009242; 57 ;tram_stop;144.9471886;-37.7937327;POINT (968425.6056859387 -4292239.563317955);310.71441090037115;1004.6612271610647;{310.71441090037115,1004.6612271610647};0
70;2208013594;-4292372.708933215;968389.3317346516;2208013594; 57 ;tram_stop;144.9469114;-37.7949493;POINT (968389.3317346516 -4292372.708933215);274.44045961322263;1137.8068424202502;{274.44045961322263,1137.8068424202502};0
71;2208013599;-4292402.982412107;968379.1838949008;2208013599; 57 ;tram_stop;144.946827;-37.7952274;POINT (968379.1838949008 -4292402.982412107);264.2926198624773;1168.080321312882;{264.2926198624773,1168.080321312882};0
72;2208013603;-4292530.087540214;968353.0227041786;2208013603; 57 ;tram_stop;144.9466576;-37.7963822;POINT (968353.0227041786 -4292530.087540214);238.1314291402232;1295.1854494195431;{238.1314291402232,1295.1854494195431};0
73;2208013608;-4292564.304655802;968341.9705220268;2208013608; 57 ;tram_stop;144.9465669;-37.7966962;POINT (968341.9705220268 -4292564.304655802);227.0792469884036;1329.4025650080293;{227.0792469884036,1329.4025650080293};0
74;2208028871;-4293270.786624821;968439.0150397936;2208028871; 57 ;tram_stop;144.9483524;-37.8029258;POINT (968439.0150397936 -4293270.786624821);324.1237647552043;2035.884534026496;{324.1237647552043,2035.884534026496};0
75;2208028874;-4293258.921867035;968403.8760854221;2208028874; 57 ;tram_stop;144.9479455;-37.8028473;POINT (968403.8760854221 -4293258.921867035);288.9848103837576;2024.0197762409225;{288.9848103837576,2024.0197762409225};0
76;2208037336;-4293576.7524498375;968736.6603790291;2208037336; 57 ;tram_stop;144.952001;-37.8054244;POINT (968736.6603790291 -4293576.752449838);621.7691039907513;2341.8503590431064;{621.7691039907513,2341.8503590431064};0
77;2208037340;-4293588.51629491;968772.5537112817;2208037340; 57 ;tram_stop;144.9524163;-37.8055014;POINT (968772.5537112817 -4293588.51629491);657.6624362433795;2353.6142041152343;{657.6624362433795,2353.6142041152343};0
78;2209663379;-4293002.239768915;969277.525830252;2209663379; 19 ;tram_stop;144.9575199;-37.7998752;POINT (969277.525830252 -4293002.239768915);1162.634555213619;1767.3376781204715;{1162.634555213619,1767.3376781204715};0
79;2209663380;-4292967.684332137;969287.267885639;2209663380; 19 ;tram_stop;144.9575955;-37.7995592;POINT (969287.267885639 -4292967.684332137);1172.3766106006224;1732.7822413425893;{1172.3766106006224,1732.7822413425893};0
80;2209663663;-4292803.420344832;969317.8706133643;2209663663; 19 ;tram_stop;144.9577782;-37.7980693;POINT (969317.8706133643 -4292803.420344832);1202.9793383259093;1568.5182540379465;{1202.9793383259093,1568.5182540379465};0
81;2209663664;-4292828.954124481;969309.9039253817;2209663664; 19 ;tram_stop;144.9577137;-37.7983034;POINT (969309.9039253817 -4292828.954124481);1195.0126503433567;1594.0520336870104;{1195.0126503433567,1594.0520336870104};0
82;2209664918;-4292535.612430415;969364.4604317289;2209664918; 19 ;tram_stop;144.9580389;-37.7956428;POINT (969364.4604317289 -4292535.612430415);1249.5691566905007;1300.7103396207094;{1249.5691566905007,1300.7103396207094};0
83;2209664919;-4292521.123274874;969370.4660289714;2209664919; 19 ;tram_stop;144.9580922;-37.7955088;POINT (969370.4660289714 -4292521.123274874);1255.574753933004;1286.2211840795353;{1255.574753933004,1286.2211840795353};0
84;2209665258;-4292180.197735082;969433.9765446257;2209665258; 19 ;tram_stop;144.9584713;-37.7924165;POINT (969433.9765446257 -4292180.197735082);1319.0852695873473;945.2956442879513;{1319.0852695873473,945.2956442879513};0
85;2209665265;-4292212.162212826;969424.7270065584;2209665265; 19 ;tram_stop;144.9583987;-37.792709;POINT (969424.7270065584 -4292212.162212826);1309.8357315200847;977.2601220319048;{1309.8357315200847,977.2601220319048};0
86;2209665394;-4291882.725912038;969489.4044523592;2209665394; 19 ;tram_stop;144.9588022;-37.7897183;POINT (969489.4044523592 -4291882.725912038);1374.5131773208268;647.82382124383;{1374.5131773208268,647.82382124383};0
87;2209665395;-4291918.41521374;969479.4466760657;2209665395; 19 ;tram_stop;144.9587253;-37.7900446;POINT (969479.4466760657 -4291918.41521374);1364.555401027319;683.5131229460239;{1364.555401027319,683.5131229460239};0
88;2209665985;-4291346.123017938;969586.0677239207;2209665985; 19 ;tram_stop;144.9593617;-37.7848536;POINT (969586.0677239207 -4291346.123017938);1471.1764488823246;111.22092714346945;{1471.1764488823246,111.22092714346945};0
89;2209665986;-4291644.977306738;969533.6994631087;2209665986; 19 ;tram_stop;144.9590666;-37.7875618;POINT (969533.6994631087 -4291644.977306738);1418.8081880703103;410.0752159431577;{1418.8081880703103,410.0752159431577};0
90;2209665987;-4291313.425397459;969595.5066094875;2209665987; 19 ;tram_stop;144.9594357;-37.7845544;POINT (969595.5066094875 -4291313.425397459);1480.615334449103;78.52330666501075;{1480.615334449103,78.52330666501075};0
91;2209665988;-4291682.92614249;969523.446111206;2209665988; 19 ;tram_stop;144.9589886;-37.7879085;POINT (969523.446111206 -4291682.92614249);1408.5548361676047;448.02405169513077;{1408.5548361676047,448.02405169513077};0
92;2209691355;-4293651.506251046;969061.5203399394;2209691355; 57 ;tram_stop;144.9557286;-37.8058382;POINT (969061.5203399394 -4293651.506251046);946.6290649010334;2416.604160252027;{946.6290649010334,2416.604160252027};0
93;2209691357;-4293664.660708347;969103.5682150202;2209691357; 57 ;tram_stop;144.9562145;-37.8059228;POINT (969103.5682150202 -4293664.660708347);988.6769399818731;2429.7586175529286;{988.6769399818731,2429.7586175529286};0
94;2209691362;-4293618.835309934;968904.360332234;2209691362; 57 ;tram_stop;144.9539287;-37.8056692;POINT (968904.3603322339 -4293618.835309934);789.4690571955871;2383.933219139464;{789.4690571955871,2383.933219139464};0
95;2209691364;-4293606.543477766;968866.1485002458;2209691364; 57 ;tram_stop;144.9534868;-37.8055893;POINT (968866.1485002458 -4293606.543477766);751.2572252074024;2371.641386971809;{751.2572252074024,2371.641386971809};0
96;2209698841;-4293184.644866527;969194.3591997415;2209698841; 58 ;tram_stop;144.9567638;-37.801568;POINT (969194.3591997415 -4293184.644866527);1079.4679247031454;1949.7427757326514;{1079.4679247031454,1949.7427757326514};0
97;2209698842;-4293165.228561027;969195.5317835899;2209698842; 58 ;tram_stop;144.9567579;-37.8013938;POINT (969195.5317835899 -4293165.228561027);1080.6405085514998;1930.3264702325687;{1080.6405085514998,1930.3264702325687};0
98;2213858634;-4293798.394027824;970944.8192414406;2213858634; 86 ;tram_stop;144.9770569;-37.8056787;POINT (970944.8192414406 -4293798.394027824);2829.9279664022615;2563.4919370291755;{2829.9279664022615,2563.4919370291755};0
99;2213858636;-4293845.2383387545;971133.8687455102;2213858636; 86 ;tram_stop;144.9792295;-37.805949;POINT (971133.8687455102 -4293845.238338755);3018.977470471873;2610.3362479601055;{3018.977470471873,2610.3362479601055};0
100;2213858637;-4293807.94435818;970972.3698524903;2213858637; 86 ;tram_stop;144.9773762;-37.8057424;POINT (970972.3698524903 -4293807.94435818);2857.478577451897;2573.04226738587;{2857.478577451897,2573.04226738587};0
101;2244717251;-4294198.033885122;970789.4070737723;2244717251; 11 12 109 ;tram_stop;144.9757024;-37.8093667;POINT (970789.4070737723 -4294198.033885122);2674.515798733919;2963.13179432787;{2674.515798733919,2963.13179432787};0
102;2244717253;-4294233.468750434;970778.187845541;2244717253; 11 12 109 ;tram_stop;144.9756111;-37.8096917;POINT (970778.187845541 -4294233.468750434);2663.2965705026872;2998.5666596395895;{2663.2965705026872,2998.5666596395895};0
103;2247263805;-4294038.791330733;969968.1784125395;2247263805; 200 207 ;bus_stop;144.966308;-37.808587;POINT (969968.1784125395 -4294038.791330733);1853.2871375011746;2803.8892399389297;{1853.2871375011746,2803.8892399389297};1
104;2266562707;-4294084.327767932;969001.8140982512;2266562707; 58 ;tram_stop;144.9554825;-37.8097475;POINT (969001.8140982512 -4294084.327767932);886.922823212808;2849.4256771374494;{886.922823212808,2849.4256771374494};0
105;2279008293;-4294246.688935031;969309.7004268735;2279008293; 12 30 35 ;tram_stop;144.9591055;-37.8109563;POINT (969309.7004268735 -4294246.688935031);1194.8091518351575;3011.7868442367762;{1194.8091518351575,3011.7868442367762};0
106;2279008490;-4294072.314288404;969946.7544542933;2279008490; 12 30 35 ;tram_stop;144.9661;-37.8089029;POINT (969946.7544542933 -4294072.314288404);1831.8631792549277;2837.412197609432;{1831.8631792549277,2837.412197609432};0
107;2279008493;-4294011.521797356;970172.4933561033;2279008493; 12 30 35 ;tram_stop;144.9685794;-37.8081841;POINT (970172.4933561033 -4294011.521797356);2057.6020810649497;2776.619706561789;{2057.6020810649497,2776.619706561789};0
108;2279008494;-4294004.731814617;970209.3768945031;2279008494; 12 30 35 ;tram_stop;144.9689876;-37.8080947;POINT (970209.3768945031 -4294004.731814617);2094.4856194647728;2769.8297238228843;{2094.4856194647728,2769.8297238228843};0
109;2279008792;-4293967.367356945;970336.4506349191;2279008792; 12 30 35 ;tram_stop;144.9703802;-37.807662;POINT (970336.4506349191 -4293967.367356945);2221.5593598807463;2732.4652661504224;{2221.5593598807463,2732.4652661504224};0
110;2349048941;-4292896.418536594;970764.2838202053;2349048941; 200 207 ;bus_stop;144.974138;-37.79777;POINT (970764.2838202053 -4292896.418536594);2649.392545166891;1661.5164457997307;{2649.392545166891,1661.5164457997307};1
111;2707996389;-4293373.990021339;970311.9750380386;2707996389; 250 251 402 ;bus_stop;144.9695208;-37.8023855;POINT (970311.9750380386 -4293373.990021339);2197.083763000206;2139.0879305442795;{2197.083763000206,2139.0879305442795};1
112;2711791003;-4292736.398304725;968269.6319543307;2711791003; 402 ;bus_stop;144.9459223;-37.7982885;POINT (968269.6319543307 -4292736.398304725);154.74067929235753;1501.496213930659;{154.74067929235753,1501.496213930659};1
113;2711791678;-4293077.321824431;968899.5633229617;2711791678; 402 ;bus_stop;144.9533425;-37.8008401;POINT (968899.5633229617 -4293077.321824431);784.672047923319;1842.4197336370125;{784.672047923319,1842.4197336370125};1
114;2713249269;-4293100.1974728;968903.7434401494;2713249269; 402 ;bus_stop;144.953412;-37.801041;POINT (968903.7434401494 -4293100.1974728);788.8521651109913;1865.2953820051625;{788.8521651109913,1865.2953820051625};1
115;3038422034;-4292943.235966043;969145.6229130874;3038422034; 401 403 ;bus_stop;144.9559783;-37.7994515;POINT (969145.6229130874 -4292943.235966043);1030.7316380490083;1708.3338752482086;{1030.7316380490083,1708.3338752482086};1
116;3038423534;-4292960.777962512;969122.4940169799;3038423534; 401 403 ;bus_stop;144.9557354;-37.7996261;POINT (969122.4940169799 -4292960.777962512);1007.6027419415768;1725.8758717179298;{1007.6027419415768,1725.8758717179298};1
117;3516754930;-4293236.2495231;969388.1085896993;3516754930; 505 ;bus_stop;144.9589938;-37.8018774;POINT (969388.1085896993 -4293236.2495231);1273.2173146608984;2001.3474323060364;{1273.2173146608984,2001.3474323060364};1
118;3877513158;-4294089.202518875;971031.8223070721;3877513158; 302 303 304 305 309 318 350 905 906 907 908 ;bus_stop;144.978322;-37.808206;POINT (971031.8223070721 -4294089.202518875);2916.9310320337536;2854.3004280803725;{2916.9310320337536,2854.3004280803725};1
119;3877514557;-4293999.509499757;970638.3741539032;3877514557; 302 303 304 305 309 318 350 402 684 905 906 907 908 ;bus_stop;144.973808;-37.807713;POINT (970638.3741539032 -4293999.509499757);2523.4828788648592;2764.6074089622125;{2523.4828788648592,2764.6074089622125};1
120;3922729768;-4292363.241736871;971079.5918706076;3922729768; 546 ;bus_stop;144.9771592;-37.7927651;POINT (971079.5918706076 -4292363.241736871);2964.700595569215;1128.3396460767835;{2964.700595569215,1128.3396460767835};1
121;3922729771;-4292393.7029228555;971214.5204376174;3922729771; 546 ;bus_stop;144.9787067;-37.7929315;POINT (971214.5204376174 -4292393.702922856);3099.6291625790764;1158.800832061097;{3099.6291625790764,1158.800832061097};1
122;3924718744;-4292756.466192174;970083.7399951115;3924718744; 1 6 ;tram_stop;144.966346;-37.7970525;POINT (970083.7399951115 -4292756.466192174);1968.8487200731179;1521.5641013793647;{1968.8487200731179,1521.5641013793647};0
123;3924718745;-4292766.685267548;970162.2521398335;3924718745; 1 6 ;tram_stop;144.9672391;-37.7970824;POINT (970162.2521398335 -4292766.685267548);2047.3608647951623;1531.78317675367;{2047.3608647951623,1531.78317675367};0
124;3924765036;-4293037.945120088;969846.5618523838;3924765036; 546 ;bus_stop;144.9639553;-37.7997498;POINT (969846.5618523838 -4293037.945120088);1731.670577345416;1803.043029293418;{1731.670577345416,1803.043029293418};1
125;3924765038;-4293292.700082606;969798.66581292;3924765038; 1 3 5 6 16 64 67 72 ;tram_stop;144.9636672;-37.8020608;POINT (969798.66581292 -4293292.700082606);1683.7745378816035;2057.797991811298;{1683.7745378816035,2057.797991811298};0
126;3924765039;-4293346.13101971;969789.8940389077;3924765039; 1 3 5 6 16 64 67 72 ;tram_stop;144.9636211;-37.8025445;POINT (969789.8940389077 -4293346.13101971);1675.0027638693573;2111.228928915225;{1675.0027638693573,2111.228928915225};0
127;3924765040;-4293633.928598823;969720.6887261518;3924765040; 1 3 5 6 16 64 67 72 ;tram_stop;144.9631258;-37.805167;POINT (969720.6887261518 -4293633.928598823);1605.797451113467;2399.026508028619;{1605.797451113467,2399.026508028619};0
128;3924765041;-4293686.888881414;969711.1405694679;3924765041; 1 3 5 6 16 64 67 72 ;tram_stop;144.9630705;-37.8056471;POINT (969711.1405694679 -4293686.888881414);1596.2492944295518;2451.9867906197906;{1596.2492944295518,2451.9867906197906};0
129;3924911394;-4293930.605842213;969684.1803455475;3924911394; 1 3 5 6 16 64 67 72 ;tram_stop;144.963007;-37.8078432;POINT (969684.1803455475 -4293930.605842213);1569.2890705091413;2695.7037514187396;{1569.2890705091413,2695.7037514187396};0
130;3924911395;-4293972.522302848;969699.1479964488;3924911395; 1 3 5 6 16 64 67 72 ;tram_stop;144.9632166;-37.8082056;POINT (969699.1479964488 -4293972.522302848);1584.2567214104347;2737.62021205388;{1584.2567214104347,2737.62021205388};0
131;3924911396;-4294157.053820992;969745.1939721939;3924911396; 1 3 5 6 16 64 67 72 ;tram_stop;144.9639161;-37.8098165;POINT (969745.1939721939 -4294157.053820992);1630.3026971555082;2922.151730197482;{1630.3026971555082,2922.151730197482};0
132;3924911397;-4294221.088929702;969765.9160585206;3924911397; 1 3 5 6 16 64 67 72 ;tram_stop;144.9642122;-37.8103718;POINT (969765.9160585206 -4294221.088929702);1651.024783482193;2986.1868389071897;{1651.024783482193,2986.1868389071897};0
133;3937111754;-4293950.338937789;970419.8371691994;3937111754; 402 ;bus_stop;144.9713014;-37.8074449;POINT (970419.8371691994 -4293950.338937789);2304.9458941610064;2715.436846994795;{2304.9458941610064,2715.436846994795};1
134;3937113658;-4294225.709969704;969295.8262547895;3937113658; 220 232 234 235 236 237 ;bus_stop;144.9589288;-37.8107799;POINT (969295.8262547895 -4294225.709969704);1180.934979751124;2990.8078789096326;{1180.934979751124,2990.8078789096326};1
135;3937113666;-4294033.760200878;970522.7465982594;3937113666; 302 303 304 305 309 318 350 402 684 905 906 907 908 ;bus_stop;144.9725411;-37.808109;POINT (970522.7465982594 -4294033.760200878);2407.855323221069;2798.858110083267;{2407.855323221069,2798.858110083267};1
136;3937113673;-4294072.727376633;970868.7706686947;3937113673; 11 12 109 ;tram_stop;144.9764717;-37.8081864;POINT (970868.7706686947 -4294072.727376633);2753.879393656389;2837.825285838917;{2753.879393656389,2837.825285838917};0
137;3937113674;-4294077.557548604;970844.593263468;3937113674; 11 12 109 ;tram_stop;144.9762045;-37.8082484;POINT (970844.593263468 -4294077.557548604);2729.701988429646;2842.6554578095675;{2729.701988429646,2842.6554578095675};0
138;3937113675;-4294128.709155012;971071.9594724337;3937113675; 12 109 ;tram_stop;144.9788124;-37.8085272;POINT (971071.9594724337 -4294128.709155012);2957.0681973953033;2893.8070642175153;{2957.0681973953033,2893.8070642175153};0
139;3945796030;-4293604.6627632305;969094.3922083655;3945796030; 58 ;tram_stop;144.9560523;-37.8053945;POINT (969094.3922083655 -4293604.662763231);979.50093332713;2369.760672436096;{979.50093332713,2369.760672436096};0
140;3945796031;-4293635.496135205;969090.5149140154;3945796031; 58 ;tram_stop;144.956039;-37.8056727;POINT (969090.5149140154 -4293635.496135205);975.6236389770638;2400.5940444106236;{975.6236389770638,2400.5940444106236};0
141;3945798980;-4293762.928878306;969397.4848217383;3945798980; 19 57 59 ;tram_stop;144.9596172;-37.8065705;POINT (969397.4848217383 -4293762.928878306);1282.5935466999654;2528.0267875120044;{1282.5935466999654,2528.0267875120044};0
142;3945798981;-4293799.242174472;969410.6589318184;3945798981; 19 57 59 ;tram_stop;144.9598011;-37.8068843;POINT (969410.6589318184 -4293799.242174472);1295.7676567800809;2564.3400836773217;{1295.7676567800809,2564.3400836773217};0
143;3945798996;-4293802.096867826;969048.9011359072;3945798996; 58 ;tram_stop;144.9557347;-37.807192;POINT (969048.9011359072 -4293802.096867826);934.0098608687986;2567.194777031429;{934.0098608687986,2567.194777031429};0
144;3945798997;-4293831.009879337;969045.4851521786;3945798997; 58 ;tram_stop;144.9557247;-37.8074527;POINT (969045.4851521786 -4293831.009879337);930.5938771401998;2596.1077885422856;{930.5938771401998,2596.1077885422856};0
145;3947038081;-4293376.596776819;969146.9446519112;3947038081; 58 ;tram_stop;144.9564192;-37.8033181;POINT (969146.9446519112 -4293376.596776819);1032.053376872791;2141.6946860244498;{1032.053376872791,2141.6946860244498};0
146;3947038082;-4293405.231360812;969143.5528103997;3947038082; 58 ;tram_stop;144.9564092;-37.8035763;POINT (969143.5528103997 -4293405.231360812);1028.661535361316;2170.3292700173333;{1028.661535361316,2170.3292700173333};0
147;3947038085;-4293223.9560618065;969251.583563106;3947038085; 19 59 ;tram_stop;144.9574461;-37.8018742;POINT (969251.583563106 -4293223.956061807);1136.6922880676575;1989.053971012123;{1136.6922880676575,1989.053971012123};0
148;3947038086;-4293288.564106133;969272.3586622903;3947038086; 19 59 ;tram_stop;144.9577433;-37.8024346;POINT (969272.3586622903 -4293288.564106133);1157.4673872519052;2053.6620153384283;{1157.4673872519052,2053.6620153384283};0
149;4061250640;-4293280.133910015;970357.0047370457;4061250640; 250 251 402 ;bus_stop;144.9699349;-37.8015127;POINT (970357.0047370457 -4293280.133910015);2242.1134620073717;2045.2318192208186;{2242.1134620073717,2045.2318192208186};1
150;4061250642;-4292317.262972653;970552.4831763479;4061250642; 250 251 ;bus_stop;144.9711857;-37.7927666;POINT (970552.4831763479 -4292317.262972653);2437.5919013095554;1082.3608818585053;{2437.5919013095554,1082.3608818585053};1
151;4061250648;-4291955.760261397;970655.9152654267;4061250648; 250 251 ;bus_stop;144.9719931;-37.7894594;POINT (970655.9152654267 -4291955.760261397);2541.0239903883776;720.8581706024706;{2541.0239903883776,720.8581706024706};1
152;4061250662;-4293192.105592354;970352.7502865527;4061250662; 250 251 ;bus_stop;144.9698004;-37.8007304;POINT (970352.7502865527 -4293192.105592354);2237.859011514345;1957.203501559794;{2237.859011514345,1957.203501559794};1
153;4061250667;-4293587.923923374;970289.4041633174;4061250667; 250 251 402 ;bus_stop;144.9694775;-37.8043124;POINT (970289.4041633174 -4293587.923923374);2174.512888279045;2353.021832579747;{2174.512888279045,2353.021832579747};1
154;4061250669;-4292656.9523267755;970496.3900545234;4061250669; 250 251 ;bus_stop;144.9708892;-37.7958421;POINT (970496.3900545234 -4292656.952326776);2381.498779485002;1422.0502359811217;{2381.498779485002,1422.0502359811217};1
155;4061250674;-4292094.218678421;970627.5509660352;4061250674; 250 251 ;bus_stop;144.9718104;-37.7907173;POINT (970627.5509660352 -4292094.218678421);2512.659690996865;859.316587626934;{2512.659690996865,859.316587626934};1
156;4061250677;-4294265.199653341;970182.2551417783;4061250677; 250 251 302 303 304 305 309 318 350 905 906 907 ;bus_stop;144.9689389;-37.8104404;POINT (970182.2551417783 -4294265.199653341);2067.3638667399064;3030.297562547028;{2067.3638667399064,3030.297562547028};1
157;4061250681;-4291401.973169534;970780.4522141103;4061250681; 250 251 ;bus_stop;144.9728485;-37.7844195;POINT (970780.4522141103 -4291401.973169534);2665.560939071933;167.071078739129;{2665.560939071933,167.071078739129};1
158;4070546384;-4292982.759509524;969078.1105865855;4070546384; 58 59 ;tram_stop;144.9552578;-37.7998569;POINT (969078.1105865855 -4292982.759509524);963.2193115471164;1747.8574187299237;{963.2193115471164,1747.8574187299237};0
159;4070546385;-4293010.331014586;969105.6360672822;4070546385; 58 59 ;tram_stop;144.9555945;-37.8000815;POINT (969105.6360672822 -4293010.331014586);990.744792243815;1775.4289237912744;{990.744792243815,1775.4289237912744};0
160;4294470715;-4291504.033046498;971132.2474559002;4294470715; 504 ;bus_stop;144.9769052;-37.7850555;POINT (971132.2474559002 -4291504.033046498);3017.356180861825;269.13095570355654;{3017.356180861825,269.13095570355654};1
161;4294470718;-4291514.0208302075;971121.2979732376;4294470718; 504 ;bus_stop;144.9767919;-37.7851532;POINT (971121.2979732376 -4291514.020830208);3006.406698199222;279.1187394130975;{3006.406698199222,279.1187394130975};1
162;4294470721;-4292379.612233496;970883.1766728697;4294470721; 546 ;bus_stop;144.9749663;-37.7930647;POINT (970883.1766728697 -4292379.612233496);2768.2853978313506;1144.7101427018642;{2768.2853978313506,1144.7101427018642};1
163;4294470724;-4292923.844745565;970783.7013485214;4294470724; 200 207 ;bus_stop;144.9743834;-37.7979996;POINT (970783.7013485214 -4292923.844745565);2668.810073483037;1688.942654770799;{2668.810073483037,1688.942654770799};1
164;4308263749;-4292884.218465743;970445.567671373;4308263749; 250 251 ;bus_stop;144.9705413;-37.7979101;POINT (970445.567671373 -4292884.218465743);2330.6763963346602;1649.3163749482483;{2330.6763963346602,1649.3163749482483};1
165;4308263767;-4292862.461077419;970430.6144234663;4308263767; 250 251 ;bus_stop;144.9703517;-37.7977276;POINT (970430.6144234663 -4292862.461077419);2315.7231484279037;1627.5589866247028;{2315.7231484279037,1627.5589866247028};1
166;4326397420;-4291359.002610648;969563.3249726683;4326397420; 505 ;bus_stop;144.9591186;-37.7849863;POINT (969563.3249726683 -4291359.002610648);1448.4336976299528;124.10051985364407;{1448.4336976299528,124.10051985364407};1
167;4326397423;-4291388.774874868;969600.9054165083;4326397423; 250 251 ;bus_stop;144.9595705;-37.7852227;POINT (969600.9054165083 -4291388.774874868);1486.014141469961;153.87278407346457;{1486.014141469961,153.87278407346457};1
168;4326586138;-4292124.825570957;969461.5349874051;4326586138; 505 ;bus_stop;144.9587268;-37.7919008;POINT (969461.5349874051 -4292124.825570957);1346.6437123666983;889.923480162397;{1346.6437123666983,889.923480162397};1
169;4326586140;-4292511.843815941;969348.524728532;4326586140; 505 ;bus_stop;144.9578363;-37.7954431;POINT (969348.5247285319 -4292511.843815941);1233.6334534935886;1276.9417251469567;{1233.6334534935886,1276.9417251469567};1
170;4326586142;-4292759.154192656;969301.5043334665;4326586142; 505 ;bus_stop;144.9575506;-37.797687;POINT (969301.5043334665 -4292759.154192656);1186.6130584281636;1524.2521018618718;{1186.6130584281636,1524.2521018618718};1
171;4326586152;-4292105.123641618;969427.0067527478;4326586152; 505 ;bus_stop;144.9583191;-37.7917519;POINT (969427.0067527478 -4292105.123641618);1312.115477709449;870.2215508231893;{1312.115477709449,870.2215508231893};1
172;4326586155;-4292552.478462941;969385.5161796919;4326586155; 505 546 ;bus_stop;144.9582923;-37.7957769;POINT (969385.5161796919 -4292552.478462941);1270.6249046535231;1317.5763721466064;{1270.6249046535231,1317.5763721466064};1
173;4460254012;-4292781.14523496;968345.6707603314;4460254012; 402 ;bus_stop;144.9468215;-37.7986286;POINT (968345.6707603314 -4292781.14523496);230.77948529308196;1546.2431441657245;{230.77948529308196,1546.2431441657245};1
174;4460254018;-4293010.865039322;968238.9351633827;4460254018; 57 ;tram_stop;144.9458466;-37.800762;POINT (968238.9351633827 -4293010.865039322);124.04388834431302;1775.962948527187;{124.04388834431302,1775.962948527187};0
175;4460254019;-4293039.252690803;968235.5406233403;4460254019; 57 ;tram_stop;144.9458363;-37.801018;POINT (968235.5406233403 -4293039.252690803);120.64934830192942;1804.3506000088528;{120.64934830192942,1804.3506000088528};0
176;4460254020;-4292715.123369657;968854.3500706775;4460254020; 58 59 ;tram_stop;144.952478;-37.7976428;POINT (968854.3500706775 -4292715.123369657);739.4587956391042;1480.2212788630277;{739.4587956391042,1480.2212788630277};0
177;4460254021;-4292698.447945965;968844.8267344271;4460254021; 58 59 ;tram_stop;144.9523545;-37.7975014;POINT (968844.8267344271 -4292698.447945965);729.9354593887692;1463.5458551710472;{729.9354593887692,1463.5458551710472};0
178;4460254023;-4292703.133433429;968309.9405366697;4460254023; 57 ;tram_stop;144.946343;-37.7979602;POINT (968309.9405366697 -4292703.133433429);195.04926163132768;1468.2313426341861;{195.04926163132768,1468.2313426341861};0
179;4460254024;-4292731.147329684;968306.6318404251;4460254024; 57 ;tram_stop;144.9463333;-37.7982128;POINT (968306.6318404251 -4292731.147329684);191.7405653867172;1496.24523888994;{191.7405653867172,1496.24523888994};0
180;4460254030;-4292279.445463248;968410.7864456906;4460254030; 57 ;tram_stop;144.9470611;-37.7941002;POINT (968410.7864456906 -4292279.445463248);295.89517065219115;1044.5433724531904;{295.89517065219115,1044.5433724531904};0
181;4520380558;-4291995.014779806;968641.3651838939;4520380558; 58 ;tram_stop;144.949375;-37.7913819;POINT (968641.3651838939 -4291995.014779806);526.4739088555798;760.1126890117303;{526.4739088555798,760.1126890117303};0
182;4520380560;-4291998.7893964695;968635.1937814346;4520380560; 58 ;tram_stop;144.9493093;-37.7914204;POINT (968635.1937814346 -4291998.789396469);520.3025063961977;763.8873056750745;{520.3025063961977,763.8873056750745};0
183;4520380561;-4291625.9547874415;968703.4249368128;4520380561; 58 ;tram_stop;144.9497104;-37.7880396;POINT (968703.4249368128 -4291625.954787442);588.5336617744761;391.0526966471225;{588.5336617744761,391.0526966471225};0
184;4520380562;-4291599.85964254;968696.4924734951;4520380562; 58 ;tram_stop;144.9496068;-37.7878121;POINT (968696.4924734951 -4291599.85964254);581.6011984567158;364.95755174569786;{581.6011984567158,364.95755174569786};0
185;4520380563;-4291231.298369438;968656.3314554113;4520380563; 58 ;tram_stop;144.9487931;-37.7845539;POINT (968656.3314554113 -4291231.298369438);541.4401803729124;-3.6037213560193777;{541.4401803729124,-3.6037213560193777};0
186;5634119531;-4293064.356928999;969661.8395163638;5634119531; 402 ;bus_stop;144.9619036;-37.8001297;POINT (969661.8395163638 -4293064.356928999);1546.9482413254445;1829.4548382041976;{1546.9482413254445,1829.4548382041976};1
187;5847413067;-4293123.182856375;969935.1089088274;5847413067; 402 ;bus_stop;144.9650351;-37.8004414;POINT (969935.1089088274 -4293123.182856375);1820.217633789056;1888.2807655809447;{1820.217633789056,1888.2807655809447};1
188;5847413068;-4293133.415631004;969886.0792791959;5847413068; 402 ;bus_stop;144.9644937;-37.800571;POINT (969886.0792791959 -4293133.415631004);1771.188004157506;1898.513540209271;{1771.188004157506,1898.513540209271};1
189;5847413069;-4292174.622554931;969591.149127115;5847413069; 546 ;bus_stop;144.9602335;-37.7922441;POINT (969591.149127115 -4292174.622554931);1476.2578520766692;939.7204641364515;{1476.2578520766692,939.7204641364515};1
190;5938036777;-4294207.863358483;970303.5262371316;5938036777; 302 303 304 309 906 ;bus_stop;144.9702466;-37.809834;POINT (970303.5262371316 -4294207.863358483);2188.6349620932015;2972.9612676883116;{2188.6349620932015,2972.9612676883116};1
191;5957906911;-4293309.017762947;970737.6840410976;5957906911; 96 ;tram_stop;144.9742451;-37.8014731;POINT (970737.6840410976 -4293309.017762947);2622.792766059283;2074.1156721524894;{2622.792766059283,2074.1156721524894};0
192;5957906912;-4293354.673281086;970735.1984242647;5957906912; 96 ;tram_stop;144.9742621;-37.8018825;POINT (970735.1984242647 -4293354.673281086);2620.3071492263116;2119.7711902912706;{2620.3071492263116,2119.7711902912706};0
193;6167122339;-4293861.483122524;970226.641542901;6167122339; 402 ;bus_stop;144.9690408;-37.8068028;POINT (970226.6415429011 -4293861.483122524);2111.7502678626915;2626.581031729467;{2111.7502678626915,2626.581031729467};1
194;6167153089;-4294205.901057198;970397.2293028412;6167153089; 302 303 304 309 906 ;bus_stop;144.9712987;-37.8097433;POINT (970397.2293028412 -4294205.901057198);2282.338027802878;2970.9989664033055;{2282.338027802878,2970.9989664033055};1
195;6167489394;-4294070.1840446815;969034.2181676053;6167489394; 220 232 234 235 546 ;bus_stop;144.9558331;-37.809596;POINT (969034.2181676053 -4294070.184044681);919.3268925669836;2835.2819538870826;{919.3268925669836,2835.2819538870826};1
196;6167489395;-4294043.256197911;969015.0936395718;6167489395; 220 ;bus_stop;144.9555915;-37.8093706;POINT (969015.0936395718 -4294043.256197911);900.2023645334411;2808.354107116349;{900.2023645334411,2808.354107116349};1
197;6585713280;-4292870.327190291;968680.4082926695;6585713280; 402 ;bus_stop;144.9506741;-37.7991636;POINT (968680.4082926695 -4292870.327190291);565.517017631093;1635.4250994967297;{565.517017631093,1635.4250994967297};1
198;6758200722;-4294167.59587172;969978.4326240149;6758200722; 200 207 ;bus_stop;144.9665501;-37.8097285;POINT (969978.4326240149 -4294167.59587172);1863.5413489765488;2932.693780926056;{1863.5413489765488,2932.693780926056};1
199;6758200723;-4293917.033161371;969919.7286683662;6758200723; 200 207 ;bus_stop;144.9656432;-37.8075382;POINT (969919.7286683662 -4293917.033161371);1804.837393327849;2682.131070576608;{1804.837393327849,2682.131070576608};1
200;6775928326;-4292796.529990138;970226.1016319611;6775928326; 200 207 ;bus_stop;144.9679866;-37.7972989;POINT (970226.1016319611 -4292796.529990138);2111.210356922704;1561.6278993431479;{2111.210356922704,1561.6278993431479};1
201;6775928328;-4292817.7873101365;970420.7518412105;6775928328; 200 207 ;bus_stop;144.9701968;-37.7973366;POINT (970420.7518412105 -4292817.787310136);2305.8605661721667;1582.8852193420753;{2305.8605661721667,1582.8852193420753};1
202;6775928330;-4292855.564922074;970487.1426396074;6775928330; 200 207 ;bus_stop;144.9709807;-37.7976219;POINT (970487.1426396074 -4292855.564922074);2372.2513645690633;1620.6628312794492;{2372.2513645690633,1620.6628312794492};1
203;6829037545;-4293020.054515147;969081.8926280581;6829037545; 402 ;bus_stop;144.955337;-37.8001868;POINT (969081.8926280581 -4293020.054515147);967.001353019732;1785.1524243522435;{967.001353019732,1785.1524243522435};1
204;6845677535;-4294088.982822132;970198.2262004616;6845677535; 250 251 ;bus_stop;144.9689451;-37.8088553;POINT (970198.2262004616 -4294088.982822132);2083.33492542326;2854.08073133789;{2083.33492542326,2854.08073133789};1
205;7204980225;-4291425.486040241;970793.3240214845;7204980225; 504 ;bus_stop;144.9730164;-37.7846193;POINT (970793.3240214845 -4291425.486040241);2678.4327464461094;190.58394944667816;{2678.4327464461094,190.58394944667816};1
206;7204980226;-4291441.977557285;970798.5584401329;7204980226; 504 ;bus_stop;144.9730915;-37.7847624;POINT (970798.5584401329 -4291441.977557285);2683.667165094521;207.07546649035066;{2683.667165094521,207.07546649035066};1
207;7204980227;-4291443.263193682;970750.143431094;7204980227; 250 251 ;bus_stop;144.9725483;-37.7848117;POINT (970750.143431094 -4291443.263193682);2635.252156055649;208.3611028874293;{2635.252156055649,208.3611028874293};1
208;7205004569;-4291485.794321094;970993.8189185814;7205004569; 504 ;bus_stop;144.9753305;-37.7850009;POINT (970993.8189185814 -4291485.794321094);2878.927643542993;250.89223029930145;{2878.927643542993,250.89223029930145};1
209;7205004570;-4291460.066583523;970947.5911577854;7205004570; 504 ;bus_stop;144.9747853;-37.7848074;POINT (970947.5911577854 -4291460.066583523);2832.6998827470234;225.16449272818863;{2832.6998827470234,225.16449272818863};1
210;7237611835;-4292562.841197299;970495.459818462;7237611835; 250 251 ;bus_stop;144.9707861;-37.7950029;POINT (970495.459818462 -4292562.841197299);2380.5685434236657;1327.9391065044329;{2380.5685434236657,1327.9391065044329};1
211;7237611836;-4292426.181203167;970551.1837457729;7237611836; 250 251 ;bus_stop;144.9712783;-37.7937397;POINT (970551.1837457729 -4292426.181203167);2436.2924707345665;1191.2791123725474;{2436.2924707345665,1191.2791123725474};1
212;7237611837;-4291939.012534022;970638.5394685225;7237611837; 250 251 ;bus_stop;144.9717812;-37.7893235;POINT (970638.5394685225 -4291939.012534022);2523.648193484172;704.1104432279244;{2523.648193484172,704.1104432279244};1
213;7237611838;-4291726.430502818;970710.2136106085;7237611838; 250 251 ;bus_stop;144.972378;-37.7873702;POINT (970710.2136106085 -4291726.430502818);2595.3223355701193;491.5284120235592;{2595.3223355701193,491.5284120235592};1
214;7237790413;-4293230.820415357;970311.7989252987;7237790413; 402 ;bus_stop;144.9693779;-37.8011079;POINT (970311.7989252987 -4293230.820415357);2196.907650260371;1995.918324562721;{2196.907650260371,1995.918324562721};1
215;7248901076;-4293636.862331331;970251.8270271554;7248901076; 250 251 402 ;bus_stop;144.969103;-37.8047785;POINT (970251.8270271554 -4293636.862331331);2136.935752117075;2401.9602405363694;{2136.935752117075,2401.9602405363694};1
216;7248901077;-4293873.351788289;970200.6748163655;7248901077; 250 251 402 ;bus_stop;144.9687604;-37.806929;POINT (970200.6748163655 -4293873.351788289);2085.7835413271096;2638.449697494507;{2085.7835413271096,2638.449697494507};1
217;7250045399;-4292151.438258402;970588.2298652476;7250045399; 250 251 ;bus_stop;144.9714245;-37.7912587;POINT (970588.2298652476 -4292151.438258402);2473.338590209256;916.5361676076427;{2473.338590209256,916.5361676076427};1
218;7250045400;-4291768.272884381;970676.7363640864;7250045400; 250 251 ;bus_stop;144.9720427;-37.7877698;POINT (970676.7363640864 -4291768.272884381);2561.845089048031;533.3707935865968;{2561.845089048031,533.3707935865968};1
219;7252659668;-4292934.454820888;969105.0215050181;7252659668; 402 ;bus_stop;144.955513;-37.7994048;POINT (969105.0215050181 -4292934.454820888);990.1302299797535;1699.5527300937101;{990.1302299797535,1699.5527300937101};1
220;7254028674;-4293172.146278003;970058.4345799028;7254028674; 402 ;bus_stop;144.9664704;-37.8007821;POINT (970058.4345799028 -4293172.146278003);1943.5433048644336;1937.2441872088239;{1943.5433048644336,1937.2441872088239};1
221;7254028679;-4293153.965674293;970067.8400914087;7254028679; 402 ;bus_stop;144.9665583;-37.8006125;POINT (970067.8400914087 -4293153.965674293);1952.9488163703354;1919.0635834988207;{1952.9488163703354,1919.0635834988207};1
222;7260797490;-4292300.912253549;970532.2189895081;7260797490; 546 ;bus_stop;144.9709417;-37.7926365;POINT (970532.2189895081 -4292300.912253549);2417.3277144697495;1066.0101627549157;{2417.3277144697495,1066.0101627549157};1
